Ticker,CNPJ,Razão Social,Valor em 31-12-2021
AALR3,42.771.949/0001-35,CENTRO DE IMAGEM DIAGNÓSTICOS S.A.,"R$ 14,97"
ABCB4,28.195.667/0001-06,BANCO ABC BRASIL S/A,"R$ 15,87"
ABEV3,07.526.557/0001-00,AMBEV S.A.,"R$ 15,42"
AERI3,12.528.708/0001-07,Aeris Indústria e Com. de Equip. para Geração de Energia S.A.,"R$ 6,55"
AESB3,37.663.076/0001-07,AES BRASIL ENERGIA S.A.,"R$ 11,07"
AFLT3,10.338.320/0001-00,AFLUENTE TRANSMISSÃO DE ENERGIA ELETRICA S/A,"R$ 8,87"
AGRO3,07.628.528/0001-59,BRASILAGRO CIA BRAS DE PROP AGRICOLAS,"R$ 28,79"
AGXY3,21.240.146/0001-84,AGROGALAXY PARTICIPACOES S.A.,"R$ 10,67"
AHEB3,62.002.886/0001-60,SÃO PAULO TURISMO S. A.,"R$ 27,50"
AHEB5,62.002.886/0001-60,SÃO PAULO TURISMO S. A.,"R$ 22,00"
AHEB6,62.002.886/0001-60,SÃO PAULO TURISMO S. A.,#N/A
ALLD3,20.247.322/0001-47,Allied Tecnologia S.A.,"R$ 17,00"
ALPA3,61.079.117/0001-05,ALPARGATAS SA,"R$ 31,25"
ALPA4,61.079.117/0001-05,ALPARGATAS SA,"R$ 36,99"
ALPK3,60.537.263/0001-66,"ALLPARK EMPREENDIMENTOS, PARTICIPAÇÕES E SERVIÇOS S.A.","R$ 4,20"
ALSO3,05.878.397/0001-32,ALIANSCE SONAE SHOPPING CENTERS S.A.,"R$ 21,66"
ALUP11,08.364.948/0001-38,ALUPAR INVESTIMENTO S/A,"R$ 24,10"
ALUP3,08.364.948/0001-38,ALUPAR INVESTIMENTO S/A,"R$ 8,09"
ALUP4,08.364.948/0001-38,ALUPAR INVESTIMENTO S/A,"R$ 8,04"
AMAR3,61.189.288/0001-89,MARISA LOJAS SA,"R$ 3,80"
AMBP3,12.648.266/0001-24,AMBIPAR PARTICIPAÇÕES E EMPREENDIMENTOS S.A.,"R$ 42,18"
AMER3,00.776.574/0001-56,AMERICANAS S.A.,"R$ 31,41"
ANIM3,09.288.252/0001-32,GAEC EDUCAÇÃO S.A.,"R$ 8,40"
APER3,11.721.921/0001-60,ALPER CONSULTORIA E CORRETORA DE SEGUROS S.A.,"R$ 33,73"
APTI3,61.156.931/0001-78,SIDERURGICA J L ALIPERTI SA,#N/A
APTI4,61.156.931/0001-78,SIDERURGICA J L ALIPERTI SA,#N/A
ARML3,00.242.184/0001-04,"ARMAC LOCAÇÃO, LOGÍSTICA E SERVIÇOS S.A.","R$ 26,19"
ARZZ3,16.590.234/0001-76,AREZZO INDÚSTRIA E COMERCIO S/A,"R$ 77,26"
ASAI3,06.057.223/0001-71,SENDAS DISTRIBUIDORA S.A.,"R$ 12,96"
ATMP3,04.032.433/0001-80,ATMA PARTICIPAÇÕES S.A.,"R$ 2,60"
ATOM3,00.359.742/0001-08,ATOM PARTICIPAÇÕES S.A – EM RECUPERAÇÃO JUDICIAL.,"R$ 2,63"
AVLL3,16.811.931/0001-00,ALPHAVILLE S.A.,"R$ 28,00"
AZEV3,61.351.532/0001-68,AZEVEDO & TRAVASSOS SA,"R$ 4,87"
AZEV4,61.351.532/0001-68,AZEVEDO & TRAVASSOS SA,"R$ 4,29"
AZUL4,09.305.994/0001-29,AZUL S.A.,"R$ 24,36"
B3SA3,09.346.601/0001-25,B3 S.A.,"R$ 11,14"
BAHI3,45.987.245/0001-92,BAHEMA SA,"R$ 14,85"
BALM3,61.374.161/0001-30,BAUMER SA,#N/A
BALM4,61.374.161/0001-30,BAUMER SA,"R$ 12,98"
BAUH3,95.426.862/0001-97,EXCELSIOR ALIMENTOS SA.,#N/A
BAUH4,95.426.862/0001-97,EXCELSIOR ALIMENTOS SA.,"R$ 87,89"
BAZA3,04.902.979/0001-44,BANCO DA AMAZÔNIA S.A.,"R$ 40,93"
BBAS11,00.000.000/0001-91,BANCO DO BRASIL S.A.,#N/A
BBAS12,00.000.000/0001-91,BANCO DO BRASIL S.A.,#N/A
BBAS3,00.000.000/0001-91,BANCO DO BRASIL S.A.,"R$ 28,85"
BBDC3,60.746.948/0001-12,BANCO BRADESCO SA,"R$ 14,72"
BBDC4,60.746.948/0001-12,BANCO BRADESCO SA,"R$ 19,21"
BBML3,01.107.327/0001-20,BBM LOGISTICA S.A.,#N/A
BBRK3,08.613.550/0001-98,BRASIL BROKERS PARTICIPAÇÕES SA,#N/A
BBSE3,17.344.597/0001-94,BB SEGURIDADE PARTICIPAÇÕES S.A.,"R$ 20,75"
BDLL3,60.851.615/0001-53,BARDELLA SA INDS MECANICAS,#N/A
BDLL4,60.851.615/0001-53,BARDELLA SA INDS MECANICAS,#N/A
BEEF3,67.620.377/0001-14,MINERVA S/A,"R$ 10,60"
BEES3,28.127.603/0001-78,BANESTES SA BANCO DO ESTADO DO ESPIRITO SANTO,"R$ 4,85"
BEES4,28.127.603/0001-78,BANESTES SA BANCO DO ESTADO DO ESPIRITO SANTO,"R$ 5,76"
BETP3B,02.762.124/0001-30,BETAPART PARTICIPAÇÕES SA,#N/A
BGIP3,13.009.717/0001-46,BANCO ESTADO SERGIPE SA,#N/A
BGIP4,13.009.717/0001-46,BANCO ESTADO SERGIPE SA,#N/A
BIDI11,00.416.968/0001-01,BANCO INTER S.A.,"R$ 28,57"
BIDI3,00.416.968/0001-01,BANCO INTER S.A.,"R$ 9,40"
BIDI4,00.416.968/0001-01,BANCO INTER S.A.,"R$ 9,54"
BIOM3,04.752.991/0001-10,BIOMM SA,"R$ 12,98"
BKBR3,13.574.594/0001-96,BK BRASIL OPERAÇÃO E ASSESSORIA A RESTAURANTES S.A.,"R$ 5,98"
BLAU3,58.430.828/0001-60,BLAU FARMACEUTICA S.A.,"R$ 36,40"
BLUT3,60.637.238/0001-54,INDS J B DUARTE SA,"R$ 1,65"
BLUT4,60.637.238/0001-54,INDS J B DUARTE SA,"R$ 0,66"
BMEB3,17.184.037/0001-10,BANCO MERCANTIL BRASIL SA,#N/A
BMEB4,17.184.037/0001-10,BANCO MERCANTIL BRASIL SA,"R$ 10,85"
BMGB4,61.186.680/0001-74,BANCO BMG S/A,"R$ 3,12"
BMIN3,34.169.557/0001-72,BCO MERCANTIL INVS SA,#N/A
BMIN4,34.169.557/0001-72,BCO MERCANTIL INVS SA,#N/A
BMKS3,56.992.423/0001-90,BICICLETAS MONARK SA,"R$ 238,39"
BMOB3,09.042.817/0001-05,BEMOBI MOBILE TECH S.A.,"R$ 15,23"
BNBR3,07.237.373/0001-20,BANCO DO NORDESTE DO BRASIL SA,#N/A
BOAS3,11.725.176/0001-27,BOA VISTA SERVICOS S.A.,"R$ 6,00"
BOBR3,50.564.053/0001-03,BOMBRIL SA,#N/A
BOBR4,50.564.053/0001-03,BOMBRIL SA,"R$ 1,68"
BPAC11,30.306.294/0001-45,BANCO BTG PACTUAL S.A.,"R$ 21,00"
BPAC3,30.306.294/0001-45,BANCO BTG PACTUAL S.A.,"R$ 12,83"
BPAC5,30.306.294/0001-45,BANCO BTG PACTUAL S.A.,"R$ 5,20"
BPAN4,59.285.411/0001-13,BANCO PAN S.A.,"R$ 10,68"
BPAR3,04.913.711/0001-08,BANCO DO ESTADO DO PARÁ S/A.,#N/A
BRAP3,03.847.461/0001-92,BRADESPAR S/A,"R$ 21,78"
BRAP4,03.847.461/0001-92,BRADESPAR S/A,"R$ 24,99"
BRBI11,10.739.356/0001-03,BR ADVISORY PARTNERS PARTICIPACOES S.A.,"R$ 14,50"
BRFS3,01.838.723/0001-27,BRF S.A.,"R$ 21,44"
BRGE11,17.193.806/0001-46,CONSORCIO ALFA DE ADMINISTRAÇÃO SA,#N/A
BRGE12,17.193.806/0001-46,CONSORCIO ALFA DE ADMINISTRAÇÃO SA,"R$ 6,99"
BRGE3,17.193.806/0001-46,CONSORCIO ALFA DE ADMINISTRAÇÃO SA,"R$ 7,10"
BRGE5,17.193.806/0001-46,CONSORCIO ALFA DE ADMINISTRAÇÃO SA,#N/A
BRGE6,17.193.806/0001-46,CONSORCIO ALFA DE ADMINISTRAÇÃO SA,#N/A
BRGE7,17.193.806/0001-46,CONSORCIO ALFA DE ADMINISTRAÇÃO SA,#N/A
BRGE8,17.193.806/0001-46,CONSORCIO ALFA DE ADMINISTRAÇÃO SA,#N/A
BRIT3,19.796.586/0001-70,BRISANET PARTICIPAÇÕES S.A.,"R$ 4,97"
BRIV3,60.770.336/0001-65,BANCO ALFA DE INVESTIMENTO SA,#N/A
BRIV4,60.770.336/0001-65,BANCO ALFA DE INVESTIMENTO SA,#N/A
BRKM3,42.150.391/0001-70,BRASKEM S.A.,"R$ 56,75"
BRKM5,42.150.391/0001-70,BRASKEM S.A.,"R$ 57,63"
BRKM6,42.150.391/0001-70,BRASKEM S.A.,#N/A
BRML3,06.977.745/0001-91,BR MALLS PARTICIPAÇOES S.A.,"R$ 8,31"
BRPR3,06.977.751/0001-49,BR PROPERTIES S.A.,"R$ 7,31"
BRQB3,36.542.025/0001-64,BRQ SOLUCOES EM INFORMATICA S.A,#N/A
BRSR3,92.702.067/0001-96,BANCO DO ESTADO DO RIO GRANDE DO SUL SA,"R$ 11,86"
BRSR5,92.702.067/0001-96,BANCO DO ESTADO DO RIO GRANDE DO SUL SA,"R$ 16,80"
BRSR6,92.702.067/0001-96,BANCO DO ESTADO DO RIO GRANDE DO SUL SA,"R$ 9,65"
BSLI3,00.000.208/0001-00,BRB-BANCO DE BRASILIA SA,#N/A
BSLI4,00.000.208/0001-00,BRB-BANCO DE BRASILIA SA,"R$ 18,00"
CABI3B,04.030.182/0001-02,CABINDA PARTICIPAÇÕES SA,#N/A
CACO3B,04.031.213/0001-31,CACONDE PARTICIPAÇÕES SA,#N/A
CALI3,61.022.042/0001-18,CONST ADOLPHO LINDENBERG SA,#N/A
CALI4,61.022.042/0001-18,CONST ADOLPHO LINDENBERG SA,#N/A
CAMB3,61.088.894/0001-08,CAMBUCI SA,"R$ 4,93"
CAML3,64.904.295/0001-03,CAMIL ALIMENTOS S.A.,"R$ 11,38"
CARD3,01.896.779/0001-38,CSU CARDSYSTEM S/A,"R$ 13,06"
CASH3,14.110.585/0001-07,MÉLIUZ S.A.,"R$ 3,24"
CASN3,82.508.433/0001-17,CIA CAT. DE ÁGUAS E SANEAMENTO – CASAN,#N/A
CASN4,82.508.433/0001-17,CIA CAT. DE ÁGUAS E SANEAMENTO – CASAN,#N/A
CATA3,19.526.748/0001-50,COMPANHIA INDUSTRIAL CATAGUASES,#N/A
CATA4,19.526.748/0001-50,COMPANHIA INDUSTRIAL CATAGUASES,#N/A
CBAV3,61.409.892/0001-73,COMPANHIA BRASILEIRA DE ALUMINIO S.A.,"R$ 13,67"
CBEE3,33.050.071/0001-58,AMPLA ENERGIA E SERVIÇOS S.A.,#N/A
CCRO3,02.846.056/0001-97,CCR S.A.,"R$ 11,59"
CEAB3,45.242.914/0001-05,C&A Modas S.A.,"R$ 6,15"
CEBR3,00.070.698/0001-11,COMPANHIA ENERGÉTICA DE BRASÍLIA – CEB,"R$ 15,94"
CEBR5,00.070.698/0001-11,COMPANHIA ENERGÉTICA DE BRASÍLIA – CEB,#N/A
CEBR6,00.070.698/0001-11,COMPANHIA ENERGÉTICA DE BRASÍLIA – CEB,"R$ 15,42"
CEDO3,17.245.234/0001-00,COMPANHIA DE FIACAO E TECIDOS CEDRO E CACHOEIRA,#N/A
CEDO4,17.245.234/0001-00,COMPANHIA DE FIACAO E TECIDOS CEDRO E CACHOEIRA,"R$ 5,00"
CEEB3,15.139.629/0001-94,CIA ELETRICIDADE DA BAHIA,"R$ 33,50"
CEEB5,15.139.629/0001-94,CIA ELETRICIDADE DA BAHIA,#N/A
CEEB6,15.139.629/0001-94,CIA ELETRICIDADE DA BAHIA,#N/A
CEED3,08.467.115/0001-00,CIA ESTADUAL DE DISTRIBUIÇÃO DE ENERGIA ELETRICA,#N/A
CEED4,08.467.115/0001-00,CIA ESTADUAL DE DISTRIBUIÇÃO DE ENERGIA ELETRICA,#N/A
CEGR3,33.938.119/0001-69,CIA. DISTRIB. DE GÁS DO RIO DE JANEIRO,#N/A
CEPE3,10.835.932/0001-08,CIA ENERGÉTICA DE PERNAMBUCO – CELPE,#N/A
CEPE5,10.835.932/0001-08,CIA ENERGÉTICA DE PERNAMBUCO – CELPE,#N/A
CEPE6,10.835.932/0001-08,CIA ENERGÉTICA DE PERNAMBUCO – CELPE,"R$ 29,90"
CESP3,60.933.603/0001-78,CESP – COMPANHIA ENERGÉTICA DE SÃO PAULO,#N/A
CESP5,60.933.603/0001-78,CESP – COMPANHIA ENERGÉTICA DE SÃO PAULO,#N/A
CESP6,60.933.603/0001-78,CESP – COMPANHIA ENERGÉTICA DE SÃO PAULO,#N/A
CGAS3,61.856.571/0001-17,COMPANHIA DE GÁS DE SÃO PAULO – COMGÁS,#N/A
CGAS5,61.856.571/0001-17,COMPANHIA DE GÁS DE SÃO PAULO – COMGÁS,"R$ 151,00"
CGRA3,92.012.467/0001-70,GRAZZIOTIN SA,"R$ 39,14"
CGRA4,92.012.467/0001-70,GRAZZIOTIN SA,"R$ 37,46"
CIEL3,01.027.058/0001-91,CIELO S.A.,"R$ 2,28"
CLSA3,03.802.115/0001-98,CLEAR SALE S.A.,"R$ 9,00"
CLSC3,83.878.892/0001-55,CENTRAIS ELETRICAS DE SANTA CATARINA S.A,"R$ 60,60"
CLSC4,83.878.892/0001-55,CENTRAIS ELETRICAS DE SANTA CATARINA S.A,"R$ 67,99"
CMIG3,17.155.730/0001-64,CIA ENERG MINAS GERAIS – CEMIG,"R$ 14,25"
CMIG4,17.155.730/0001-64,CIA ENERG MINAS GERAIS – CEMIG,"R$ 10,08"
CMIN3,08.902.291/0001-15,CSN MINERACAO S.A.,"R$ 6,74"
CMSA3,00.272.185/0001-93,CIMS SA,#N/A
CMSA4,00.272.185/0001-93,CIMS SA,#N/A
CNSY3,07.437.016/0001-05,CINESYSTEM S.A.,#N/A
COCE3,07.047.251/0001-70,CIA ENERG CEARA – COELCE,#N/A
COCE5,07.047.251/0001-70,CIA ENERG CEARA – COELCE,"R$ 58,09"
COCE6,07.047.251/0001-70,CIA ENERG CEARA – COELCE,#N/A
COGN3,02.800.026/0001-40,COGNA EDUCAÇÃO,"R$ 2,46"
CORR3,15.101.405/0001-93,CORREA RIBEIRO SA COM IND,#N/A
CORR4,15.101.405/0001-93,CORREA RIBEIRO SA COM IND,#N/A
CPFE3,02.429.144/0001-93,CPFL ENERGIA SA,"R$ 26,83"
CPLE11,76.483.817/0001-20,COMPANHIA PARANAENSE DE ENERGIA,"R$ 32,00"
CPLE3,76.483.817/0001-20,COMPANHIA PARANAENSE DE ENERGIA,"R$ 6,12"
CPLE5,76.483.817/0001-20,COMPANHIA PARANAENSE DE ENERGIA,"R$ 36,00"
CPLE6,76.483.817/0001-20,COMPANHIA PARANAENSE DE ENERGIA,"R$ 6,44"
CRDE3,07.820.907/0001-46,CR2 EMPREENDIMENTOS IMOBILIÁRIOS S/A,"R$ 16,60"
CRFB3,75.315.333/0001-09,ATACADÃO S.A.,"R$ 15,25"
CRIV3,17.167.412/0001-13,FINANCEIRA ALFA S.A.- C.F.I,#N/A
CRIV4,17.167.412/0001-13,FINANCEIRA ALFA S.A.- C.F.I,"R$ 5,70"
CRPG3,15.115.504/0001-24,CRISTAL PIGMENTOS DO BRASIL S.A.,#N/A
CRPG5,15.115.504/0001-24,CRISTAL PIGMENTOS DO BRASIL S.A.,"R$ 68,94"
CRPG6,15.115.504/0001-24,CRISTAL PIGMENTOS DO BRASIL S.A.,"R$ 71,48"
CRTE3B,00.938.574/0001-05,CONC RIO-TERESOPOLIS S.A.,#N/A
CSAB3,15.144.017/0001-90,CIA SEGUROS ALIANCA BAHIA,#N/A
CSAB4,15.144.017/0001-90,CIA SEGUROS ALIANCA BAHIA,"R$ 42,75"
CSAN3,50.746.577/0001-15,COSAN SA INDUSTRIA E COMERCIO,"R$ 21,69"
CSED3,62.984.091/0001-02,CRUZEIRO DO SUL EDUCACIONAL S.A.,"R$ 7,70"
CSMG3,17.281.106/0001-03,COMPANHIA DE SANEAMENTO DE MINAS GERAIS,"R$ 12,71"
CSNA3,33.042.730/0001-04,CIA SIDERURGICA NACIONAL,"R$ 24,99"
CSRN3,08.324.196/0001-81,CIA ENERGÉTICA DO RIO GRANDE DO NORTE,#N/A
CSRN5,08.324.196/0001-81,CIA ENERGÉTICA DO RIO GRANDE DO NORTE,#N/A
CSRN6,08.324.196/0001-81,CIA ENERGÉTICA DO RIO GRANDE DO NORTE,#N/A
CTCA3,06.981.381/0001-13,CTC – CENTRO DE TECNOLOGIA CANAVIEIRA S.A.,#N/A
CTKA3,82.640.558/0001-04,KARSTEN SA,#N/A
CTKA4,82.640.558/0001-04,KARSTEN SA,"R$ 17,79"
CTNM3,22.677.520/0001-76,CIA TECIDOS NORTE DE MINAS – COTEMINAS,"R$ 9,39"
CTNM4,22.677.520/0001-76,CIA TECIDOS NORTE DE MINAS – COTEMINAS,"R$ 3,70"
CTSA3,21.255.567/0001-89,CIA TECIDOS SANTANENSE,"R$ 1,90"
CTSA4,21.255.567/0001-89,CIA TECIDOS SANTANENSE,"R$ 1,38"
CURY3,08.797.760/0001-83,CURY CONSTRUTORA E INCORPORADORA S.A.,"R$ 7,00"
CVCB3,10.760.260/0001-19,CVC BRASIL OPERADORA E AGÊNCIA DE VIAGENS S.A.,"R$ 13,42"
CXSE3,22.543.331/0001-00,CAIXA SEGURIDADE PARTICIPAÇÕES S.A.,"R$ 8,36"
CYRE3,73.178.600/0001-18,CYRELA BRAZIL REALTY SA EMPRS E PARTS,"R$ 15,78"
DASA3,61.486.650/0001-83,DIAGNOSTICOS DA AMERICA SA,"R$ 33,74"
DESK3,08.170.849/0001-15,DESKTOP  SIGMANET COMUNICAÇÃO MULTIMÍDIA S.A.,"R$ 18,34"
DEXP3,02.193.750/0001-52,DEXXOS PARTICIPACOES S.A.,"R$ 10,41"
DEXP4,02.193.750/0001-52,DEXXOS PARTICIPACOES S.A.,"R$ 8,99"
DIRR3,16.614.075/0001-00,DIRECIONAL ENGENHARIA SA,"R$ 12,71"
DMMO3,08.926.302/0001-05,DOMMO ENERGIA S.A.,"R$ 0,52"
DMVF3,12.108.897/0001-50,D1000 VAREJO FARMA PARTICIPACOES S.A.,"R$ 4,21"
DOHL3,84.683.408/0001-03,DOHLER S.A.,#N/A
DOHL4,84.683.408/0001-03,DOHLER S.A.,"R$ 6,03"
DOTZ3,18.174.270/0001-84,DOTZ S.A.,"R$ 2,68"
DTCY3,03.303.999/0001-36,DTCOM – DIRECT TO COMPANY S.A.,#N/A
DTCY4,03.303.999/0001-36,DTCOM – DIRECT TO COMPANY S.A.,#N/A
DXCO3,97.837.181/0001-47,DURATEX S.A.,"R$ 14,96"
EALT3,82.643.537/0001-34,ELECTRO AÇO ALTONA S/A,"R$ 12,45"
EALT4,82.643.537/0001-34,ELECTRO AÇO ALTONA S/A,"R$ 7,60"
ECOR3,04.149.454/0001-80,ECORODOVIAS INFRAESTRUTURA E LOGÍSTICA S.A.,"R$ 7,32"
ECPR3,01.971.614/0001-83,EMP. NAC. CRÉDITO E PART. S.A. – ENCORPAR,#N/A
ECPR4,01.971.614/0001-83,EMP. NAC. CRÉDITO E PART. S.A. – ENCORPAR,#N/A
EEEL3,92.715.812/0001-31,CIA ESTADUAL DE GERACAO E TRANSMISSAO DE ENERGIA ELETRICA,#N/A
EEEL4,92.715.812/0001-31,CIA ESTADUAL DE GERACAO E TRANSMISSAO DE ENERGIA ELETRICA,#N/A
EGIE3,02.474.103/0001-19,ENGIE BRASIL ENERGIA S.A.,"R$ 38,41"
EKTR3,02.328.280/0001-97,ELEKTRO ELETRICIDADE E SERVIÇOS S.A.,#N/A
EKTR4,02.328.280/0001-97,ELEKTRO ELETRICIDADE E SERVIÇOS S.A.,#N/A
ELET3,00.001.180/0001-26,CENTRAIS ELETRICAS BRASILEIRAS SA,"R$ 33,05"
ELET5,00.001.180/0001-26,CENTRAIS ELETRICAS BRASILEIRAS SA,#N/A
ELET6,00.001.180/0001-26,CENTRAIS ELETRICAS BRASILEIRAS SA,"R$ 32,82"
ELMD3,09.347.516/0001-81,ELETROMIDIA S.A.,"R$ 10,00"
EMAE3,02.302.101/0001-42,EMAE-EMP.METROPOLITANA ÁGUAS ENERGIA S.A,#N/A
EMAE4,02.302.101/0001-42,EMAE-EMP.METROPOLITANA ÁGUAS ENERGIA S.A,"R$ 75,99"
EMBR3,07.689.002/0001-89,EMBRAER S.A.,"R$ 24,82"
ENAT3,11.669.021/0001-10,ENAUTA PARTICIPAÇÕES S.A.,"R$ 13,31"
ENBR3,03.983.431/0001-03,EDP ENERGIAS DO BRASIL S/A,"R$ 20,94"
ENEV3,04.423.567/0001-21,ENEVA S.A.,"R$ 14,15"
ENGI11,00.864.214/0001-06,ENERGISA SA,"R$ 44,37"
ENGI3,00.864.214/0001-06,ENERGISA SA,"R$ 13,67"
ENGI4,00.864.214/0001-06,ENERGISA SA,"R$ 7,67"
ENJU3,16.922.038/0001-51,ENJOEI.COM.BR ATIVIDADES DE INTERNET S.A.,"R$ 2,85"
ENMT3,03.467.321/0001-99,ENERGISA MATO GROSSO-DISTRIBUIDORA DE ENERGIA S/A,"R$ 81,00"
ENMT4,03.467.321/0001-99,ENERGISA MATO GROSSO-DISTRIBUIDORA DE ENERGIA S/A,#N/A
EPAR3,42.331.462/0001-31,EMBPAR PARTICIPACOES S/A,"R$ 13,12"
EQMA3B,06.272.793/0001-84,EQUATORIAL MARANHÃO DISTRIBUIDORA DE ENERGIA S.A.,#N/A
EQMA5B,06.272.793/0001-84,EQUATORIAL MARANHÃO DISTRIBUIDORA DE ENERGIA S.A.,#N/A
EQPA3,04.895.728/0001-80,EQUATORIAL PARÁ DISTRIBUIDORA DE ENERGIA S.A.,"R$ 5,13"
EQPA5,04.895.728/0001-80,EQUATORIAL PARÁ DISTRIBUIDORA DE ENERGIA S.A.,#N/A
EQPA6,04.895.728/0001-80,EQUATORIAL PARÁ DISTRIBUIDORA DE ENERGIA S.A.,#N/A
EQPA7,04.895.728/0001-80,EQUATORIAL PARÁ DISTRIBUIDORA DE ENERGIA S.A.,#N/A
EQTL3,03.220.438/0001-73,EQUATORIAL ENERGIA S/A,"R$ 22,72"
ESPA3,26.659.061/0001-59,MPM CORPOREOS S.A.,"R$ 8,32"
ESTR3,61.082.004/0001-50,MANUFATURA DE BRINQUEDOS ESTRELA SA,#N/A
ESTR4,61.082.004/0001-50,MANUFATURA DE BRINQUEDOS ESTRELA SA,#N/A
ETER3,61.092.037/0001-81,ETERNIT SA,"R$ 20,96"
EUCA3,56.643.018/0001-66,EUCATEX SA IND E COMERCIO,"R$ 11,89"
EUCA4,56.643.018/0001-66,EUCATEX SA IND E COMERCIO,"R$ 8,81"
EVEN3,43.470.988/0001-65,EVEN CONSTRUTORA E INCORPORADORA S/A,"R$ 6,59"
EZTC3,08.312.229/0001-73,EZ TEC EMPREEND. E PARTICIPAÇÕES S/A,"R$ 20,45"
FESA3,15.141.799/0001-03,CIA FERRO LIGAS BAHIA FERBASA,"R$ 57,00"
FESA4,15.141.799/0001-03,CIA FERRO LIGAS BAHIA FERBASA,"R$ 48,82"
FHER3,22.266.175/0001-88,FERTILIZANTES HERINGER SA,"R$ 18,37"
FIGE3,01.548.981/0001-79,INVESTIMENTOS BEMGE S.A.,#N/A
FIGE4,01.548.981/0001-79,INVESTIMENTOS BEMGE S.A.,#N/A
FIQE3,02.255.187/0001-08,UNIFIQUE TELECOMUNICACOES S.A.,"R$ 6,60"
FLEX3,10.851.805/0001-00,FLEX S.A.,#N/A
FLRY3,60.840.055/0001-31,FLEURY SA,"R$ 17,99"
FNCN3,91.669.747/0001-92,"FINANSINOS S/A-CRÉDITO, FINAN. E INVEST.",#N/A
FRAS3,88.610.126/0001-29,FRAS-LE SA,"R$ 13,59"
FRIO3,04.821.041/0001-08,METALFRIO SOLUTIONS S/A,#N/A
FRRN3B,24.962.466/0001-36,ALL – AMÉRICA LATINA LOGÍSTICA MALHA NORTE S.A.,#N/A
FRRN5B,24.962.466/0001-36,ALL – AMÉRICA LATINA LOGÍSTICA MALHA NORTE S.A.,#N/A
FRTA3,86.550.951/0001-50,POMIFRUTAS S/A,"R$ 5,10"
G2DI33,38.307.135/0001-77,G2D INVESTMENTS LTD.,"R$ 5,87"
GEPA3,02.998.301/0001-81,RIO PARANAPANEMA ENERGIA S.A.,#N/A
GEPA4,02.998.301/0001-81,RIO PARANAPANEMA ENERGIA S.A.,"R$ 33,10"
GETT11,10.440.482/0001-54,GETNET ADQUIRÊNCIA E SERVIÇOS PARA MEIOS DE PAGAMENTO S.A.,"R$ 3,85"
GETT3,10.440.482/0001-54,GETNET ADQUIRÊNCIA E SERVIÇOS PARA MEIOS DE PAGAMENTO S.A.,"R$ 1,92"
GETT4,10.440.482/0001-54,GETNET ADQUIRÊNCIA E SERVIÇOS PARA MEIOS DE PAGAMENTO S.A.,"R$ 1,92"
GFSA3,01.545.826/0001-07,GAFISA SA,"R$ 2,01"
GGBR3,33.611.500/0001-19,GERDAU SA,"R$ 22,47"
GGBR4,33.611.500/0001-19,GERDAU SA,"R$ 27,26"
GGPS3,09.229.201/0001-30,GPS PARTICIPACOES E EMPREENDIMENTOS S.A.,"R$ 15,87"
GMAT3,24.990.777/0001-09,GRUPO MATEUS S.A.,"R$ 6,03"
GNDI3,19.853.511/0001-84,NOTRE DAME INTERMEDICA PARTICIPACOES S.A.,#N/A
GOAU3,92.690.783/0001-09,METALURGICA GERDAU SA,"R$ 10,63"
GOAU4,92.690.783/0001-09,METALURGICA GERDAU SA,"R$ 11,38"
GOLL4,06.164.253/0001-87,GOL LINHAS AEREAS INTELIGENTES SA,"R$ 20,88"
GPAR3,08.560.444/0001-93,COMPANHIA CELG DE PARTICIPAÇÕES,#N/A
GRND3,89.850.341/0001-60,GRENDENE SA,"R$ 8,65"
GSHP3,08.764.621/0001-53,GENERAL SHOPPING BRASIL SA,#N/A
GUAR3,08.402.943/0001-52,GUARARAPES CONFECÇÕES SA,"R$ 9,85"
HAGA3,30.540.991/0001-66,HAGA S.A. INDÚSTRIA E COMÉRCIO,"R$ 6,94"
HAGA4,30.540.991/0001-66,HAGA S.A. INDÚSTRIA E COMÉRCIO,"R$ 1,94"
HAPV3,05.197.443/0001-38,HAPVIDA,"R$ 10,38"
HBOR3,49.263.189/0001-02,HELBOR EMPREENDIMENTOS S/A,"R$ 4,68"
HBRE3,14.785.152/0001-51,HBR REALTY EMPREENDIMENTOS IMOBILIÁRIOS S.A.,"R$ 8,80"
HBSA3,12.648.327/0001-53,HIDROVIAS DO BRASIL S.A.,"R$ 3,45"
HBTS3,87.762.563/0001-03,COMPANHIIA HABITASUL DE PARTICIPAÇÕES,#N/A
HBTS5,87.762.563/0001-03,COMPANHIIA HABITASUL DE PARTICIPAÇÕES,#N/A
HBTS6,87.762.563/0001-03,COMPANHIIA HABITASUL DE PARTICIPAÇÕES,#N/A
HETA3,92.749.225/0001-63,HERCULES S/A – FABRICA DE TALHERES,#N/A
HETA4,92.749.225/0001-63,HERCULES S/A – FABRICA DE TALHERES,"R$ 7,95"
HOOT3,33.200.049/0001-47,HOTEIS OTHON SA,#N/A
HOOT4,33.200.049/0001-47,HOTEIS OTHON SA,"R$ 2,80"
HYPE3,02.932.074/0001-91,HYPERA S.A.,"R$ 28,27"
IFCM3,38.456.921/0001-36,INFRACOMMERCE CXAAS S.A.,"R$ 17,50"
IGBR3,43.185.362/0001-07,IGB ELETRÔNICA SA,"R$ 25,50"
IGSN3,08.159.965/0001-33,IGUA SANEAMENTO S.A.,#N/A
IGTI11,60.543.816/0001-93,IGUATEMI S.A.,"R$ 18,07"
IGTI3,60.543.816/0001-93,IGUATEMI S.A.,"R$ 2,73"
INEP3,76.627.504/0001-06,INEPAR SA IND E CONSTRUCOES,"R$ 1,52"
INEP4,76.627.504/0001-06,INEPAR SA IND E CONSTRUCOES,"R$ 1,50"
INNT3,09.611.768/0001-76,INTER CONSTRUTORA E INCORPORADORA S.A,#N/A
INTB3,82.901.000/0001-27,INTELBRAS S.A.,"R$ 27,97"
IRBR3,33.376.989/0001-91,IRB BRASIL RESSEGUROS S.A.,"R$ 4,02"
ITSA3,61.532.644/0001-15,ITAÚSA – INVESTIMENTOS ITAÚ S.A.,"R$ 9,30"
ITSA4,61.532.644/0001-15,ITAÚSA – INVESTIMENTOS ITAÚ S.A.,"R$ 8,93"
ITUB3,60.872.504/0001-23,ITAÚ UNIBANCO HOLDING S.A.,"R$ 19,09"
ITUB4,60.872.504/0001-23,ITAÚ UNIBANCO HOLDING S.A.,"R$ 20,95"
IVPR3B,03.758.318/0001-24,INVEST.E PART.EM INFRA-ESTR.S/A-INVEPAR,#N/A
IVPR4B,03.758.318/0001-24,INVEST.E PART.EM INFRA-ESTR.S/A-INVEPAR,#N/A
JALL3,02.635.522/0001-95,JALLES MACHADO S.A.,"R$ 10,44"
JBSS3,02.916.265/0001-60,JBS SA,"R$ 37,95"
JFEN3,33.035.536/0001-00,JOAO FORTES ENGENHARIA SA,"R$ 0,96"
JHSF3,08.294.224/0001-65,JHSF PARTICIPAÇÕES SA,"R$ 5,58"
JOPA3,87.456.562/0001-22,JOSAPAR- JOAQUIM OLIVEIRA S/A PARTICIP,"R$ 28,80"
JOPA4,87.456.562/0001-22,JOSAPAR- JOAQUIM OLIVEIRA S/A PARTICIP,#N/A
JSLG3,52.548.435/0001-79,JSL S.A.,"R$ 7,53"
KEPL3,91.983.056/0001-69,KEPLER WEBER SA,"R$ 13,05"
KLBN11,89.637.490/0001-45,KLABIN S.A.,"R$ 25,66"
KLBN3,89.637.490/0001-45,KLABIN S.A.,"R$ 5,63"
KLBN4,89.637.490/0001-45,KLABIN S.A.,"R$ 5,00"
KRSA3,13.270.520/0001-66,KORA SAUDE PARTICIPACOES S.A.,"R$ 5,19"
LAME3,33.014.556/0001-96,LOJAS AMERICANAS SA,#N/A
LAME4,33.014.556/0001-96,LOJAS AMERICANAS SA,#N/A
LAND3,40.337.136/0001-06,TERRA SANTA PROPRIEDADES AGRICOLAS S.A.,"R$ 22,48"
LAVV3,26.462.693/0001-28,LAVVI EMPREENDIMENTOS IMOBILIARIOS S.A.,"R$ 5,19"
LCAM3,10.215.988/0001-60,COMPANHIA DE LOCACAO DAS AMERICAS S.A.,"R$ 23,51"
LEVE3,60.476.884/0001-87,MAHLE METAL LEVE S.A.,"R$ 30,80"
LIGT3,03.378.521/0001-75,LIGHT SA,"R$ 11,75"
LIPR3,01.104.937/0001-70,ELETROBRÁS PARTICIPAÇÕES S.A. – ELETROPAR,"R$ 73,82"
LJQQ3,96.418.264/0218-02,LOJAS QUERO-QUERO S.A.,"R$ 11,19"
LLBI3,16.233.389/0001-55,LOJAS LE BISCUIT S/A,#N/A
LLIS3,49.669.856/0001-43,RESTOQUE COMÉRCIO E CONFECÇÕES DE ROUPAS SA,"R$ 1,36"
LMED3,02.357.251/0001-53,LIFEMED INDUSTRIAL DE EQUIP. E ART. MEDICOS E HOSP. S.A.,#N/A
LOGG3,09.041.168/0001-10,LOG COMMERCIAL PROPERTIES,"R$ 25,29"
LOGN3,42.278.291/0001-24,LOG-IN LOGISTICA INTERMODAL SA,"R$ 23,60"
LPSB3,08.078.847/0001-09,LPS BRASIL CONSULTORIA DE IMOVEIS S/A,"R$ 2,23"
LREN3,92.754.738/0001-62,LOJAS RENNER SA,"R$ 24,44"
LTEL3B,00.743.065/0001-27,LITEL PARTICIPACOES SA,#N/A
LTLA3B,05.495.546/0001-84,Litela Participações S.A.,#N/A
LUPA3,89.463.822/0001-12,LUPATECH S/A,"R$ 5,32"
LUXM3,92.660.570/0001-26,TREVISA INVESTIMENTOS SA,#N/A
LUXM4,92.660.570/0001-26,TREVISA INVESTIMENTOS SA,#N/A
LVTC3,05.917.486/0001-40,LIVETECH DA BAHIA INDÚSTRIA E COMÉRCIO S.A.,"R$ 17,11"
LWSA3,02.351.877/0001-52,LOCAWEB SERVIÇOS DE INTERNET S.A.,"R$ 13,16"
MAPT3,93.828.986/0001-73,CEMEPE INVESTIMENTOS SA,#N/A
MAPT4,93.828.986/0001-73,CEMEPE INVESTIMENTOS SA,#N/A
MATD3,16.676.520/0001-59,HOSPITAL MATER DEI S.A.,"R$ 13,50"
MBLY3,31.553.627/0001-01,MOBLY S.A.,"R$ 4,88"
MDIA3,07.206.816/0001-15,M DIAS BRANCO SA IND E COM DE ALIMENTOS,"R$ 25,49"
MDNE3,12.049.631/0001-84,MOURA DUBEUX ENGENHARIA S/A,"R$ 5,84"
MEAL3,17.314.329/0001-20,INTERNATIONAL MEAL COMPANY ALIMENTAÇÃO S.A.,"R$ 2,43"
MEGA3,42.500.384/0001-51,OMEGA ENERGIA S.A.,"R$ 12,65"
MELK3,12.181.987/0001-77,MELNICK EVEN DESENVOLVIMENTO IMOBILIÁRIO S.A.,"R$ 3,90"
MERC3,33.040.601/0001-87,MERCANTIL DO BR FINC SA CFI,#N/A
MERC4,33.040.601/0001-87,MERCANTIL DO BR FINC SA CFI,#N/A
MGEL3,61.065.298/0001-02,MANGELS INDUSTRIAL SA – EM RECUPERAÇÃO JUDICIAL,#N/A
MGEL4,61.065.298/0001-02,MANGELS INDUSTRIAL SA – EM RECUPERAÇÃO JUDICIAL,"R$ 14,70"
MGLU3,47.960.950/0001-21,MAGAZINE LUIZA S.A.,"R$ 7,22"
MILS3,27.093.558/0001-15,MILLS ESTRUTURAS E SERVI?OS DE ENGENHARIA S/A,"R$ 6,39"
MLAS3,59.717.553/0001-02,MULTILASER INDUSTRIAL S.A.,"R$ 8,35"
MMAQ3,17.161.241/0001-15,MINASMAQUINAS SA,#N/A
MMAQ4,17.161.241/0001-15,MINASMAQUINAS SA,#N/A
MMXM11,02.762.115/0001-49,MMX MINERAÇÃO E METÁLICOS S.A.,#N/A
MMXM3,02.762.115/0001-49,MMX MINERAÇÃO E METÁLICOS S.A.,#N/A
MNDL3,88.610.191/0001-54,MUNDIAL S.A – PRODUTOS DE CONSUMO,"R$ 34,94"
MNPR3,90.076.886/0001-40,MINUPAR PARTICIPACOES SA,"R$ 6,39"
MNZC3B,02.664.042/0001-52,TERMINAL GARAGEM MENEZES CORTES SA,#N/A
MOAR3,33.102.476/0001-92,MONTEIRO ARANHA SA,"R$ 395,00"
MODL11,30.723.886/0001-62,BANCO MODAL S.A.,"R$ 10,80"
MODL3,30.723.886/0001-62,BANCO MODAL S.A.,"R$ 4,11"
MODL4,30.723.886/0001-62,BANCO MODAL S.A.,"R$ 3,30"
MOSI3,09.083.175/0001-84,MOSAICO TECNOLOGIA AO CONSUMIDOR S.A.,#N/A
MOVI3,21.314.559/0001-66,MOVIDA PARTICIPAÇÕES S.A.,"R$ 15,78"
MRFG3,03.853.896/0001-40,MARFRIG GLOBAL FOODS SA,"R$ 22,07"
MRSA3B,01.417.222/0001-77,MRS LOGÍSTICA S/A,"R$ 38,70"
MRSA5B,01.417.222/0001-77,MRS LOGÍSTICA S/A,#N/A
MRSA6B,01.417.222/0001-77,MRS LOGÍSTICA S/A,"R$ 42,00"
MRVE3,08.343.492/0001-20,MRV ENGENHARIA E PARTICIPAÇÕES S/A,"R$ 12,00"
MSPA3,60.730.348/0001-66,COMPANHIA MELHORAMENTOS DE SÃO PAULO,#N/A
MSPA4,60.730.348/0001-66,COMPANHIA MELHORAMENTOS DE SÃO PAULO,#N/A
MSRO3,08.795.211/0001-70,MAESTRO LOCADORA DE VEÍCULOS S.A.,#N/A
MTIG3,80.227.184/0001-66,METALGRAFICA IGUACU SA,#N/A
MTIG4,80.227.184/0001-66,METALGRAFICA IGUACU SA,#N/A
MTRE3,07.882.930/0001-65,Mitre Realty Empreendimentos e Participações S.A.,"R$ 8,37"
MTSA3,86.375.425/0001-09,METISA METALÚRGICA TIMBOENSE SA,#N/A
MTSA4,86.375.425/0001-09,METISA METALÚRGICA TIMBOENSE SA,"R$ 42,46"
MULT3,07.816.890/0001-53,MULTIPLAN EMP. IMOBILIARIOS S/A,"R$ 18,72"
MWET3,84.683.671/0001-94,WETZEL S.A.,#N/A
MWET4,84.683.671/0001-94,WETZEL S.A.,#N/A
MYPK3,61.156.113/0001-75,IOCHPE-MAXION SA,"R$ 15,35"
NEMO3,60.651.809/0001-05,SUZANO HOLDING S.A. (EX-NEMOFEFFER S.A.),#N/A
NEMO5,60.651.809/0001-05,SUZANO HOLDING S.A. (EX-NEMOFEFFER S.A.),#N/A
NEMO6,60.651.809/0001-05,SUZANO HOLDING S.A. (EX-NEMOFEFFER S.A.),#N/A
NEOE3,01.083.200/0001-18,NEOENERGIA S.A,"R$ 16,20"
NGRD3,10.139.870/0001-08,NEOGRID PARTICIPACÕES S.A.,"R$ 2,63"
NINJ3,14.127.813/0001-51,GETNINJAS S.A.,"R$ 5,42"
NORD3,60.884.319/0001-59,NORDON INDS METALURGICAS SA,#N/A
NRTQ3,29.950.060/0001-57,NORTEC QUIMICA S.A.,#N/A
NTCO3,32.785.497/0001-97,NATURA & CO HOLDING S.A.,"R$ 25,43"
NUTR3,51.128.999/0001-90,NUTRIPLANT INDUSTRIA E COMÉRCIO S/A,#N/A
ODER3,97.191.902/0001-94,CONSERVAS ODERICH SA,#N/A
ODER4,97.191.902/0001-94,CONSERVAS ODERICH SA,#N/A
ODPV3,58.119.199/0001-51,ODONTOPREV S/A,"R$ 12,60"
OFSA3,20.258.278/0001-70,OURO FINO SAUDE ANIMAL PARTICIPACOES S.A.,"R$ 25,50"
OIBR3,76.535.764/0001-43,OI S.A.,"R$ 0,76"
OIBR4,76.535.764/0001-43,OI S.A.,"R$ 1,28"
ONCO3,12.104.241/0004-02,ONCOCLÍNICAS DO BRASIL SERVIÇOS MÉDICOS S.A.,"R$ 11,25"
OPCT3,09.114.805/0001-30,OCEANPACT SERVIÇOS MARITIMOS S.A.,"R$ 3,00"
OPHE3B,02.318.346/0001-68,OPPORTUNITY ENERGIA E PARTICIPAÇÕES S.A.,#N/A
OPSE3B,02.062.747/0001-08,SUDESTE SA,#N/A
OPTS3B,01.957.772/0001-89,SUL 116 PARTICIPAÇÕES S.A.,#N/A
ORVR3,11.421.994/0001-36,ORIZON VALORIZACAO DE RESIDUOS S.A.,"R$ 26,90"
OSXB3,09.112.685/0001-32,OSX BRASIL S.A.,"R$ 6,82"
PARD3,19.378.769/0001-76,INSTITUTO HERMES PARDINI S/A,"R$ 19,30"
PATI3,92.693.019/0001-89,PANATLANTICA SA,#N/A
PATI4,92.693.019/0001-89,PANATLANTICA SA,#N/A
PCAR3,47.508.411/0001-56,COMPANHIA BRASILEIRA DE DISTRIBUIÇÃO,"R$ 21,73"
PDGR3,02.950.811/0001-89,PDG REALTY SA EMPREENDIMENTOS E PARTS,"R$ 1,36"
PDTC3,02.365.069/0001-44,PADTEC HOLDING S.A.,"R$ 7,10"
PEAB3,01.938.783/0001-11,CIA DE PARTICIPAÇÕES ALIANÇA DA BAHIA,#N/A
PEAB4,01.938.783/0001-11,CIA DE PARTICIPAÇÕES ALIANÇA DA BAHIA,#N/A
PETR3,33.000.167/0001-01,PETRÓLEO BRASILEIRO S.A. – PETROBRAS,"R$ 30,70"
PETR4,33.000.167/0001-01,PETRÓLEO BRASILEIRO S.A. – PETROBRAS,"R$ 28,45"
PETZ3,18.328.118/0001-09,PET CENTER COMÉRCIO E PARTICIPAÇÕES S.A,"R$ 16,37"
PFRM3,45.453.214/0001-51,PROFARMA DISTRIB. PRODUTOS FARMACEUTICOS,"R$ 5,90"
PGMN3,06.626.253/0001-51,EMPREENDIMENTOS PAGUE MENOS S.A.,"R$ 9,35"
PINE3,62.144.175/0001-20,BANCO PINE S/A,#N/A
PINE4,62.144.175/0001-20,BANCO PINE S/A,"R$ 1,80"
PLAS3,51.928.174/0001-50,PLASCAR PARTICIPAÇÕES INDUSTRIAIS S.A,"R$ 10,77"
PLPL3,24.230.275/0001-80,PLANO & PLANO DESENVOLVIMENTO IMOBILIARIO LTDA,"R$ 3,25"
PMAM3,60.398.369/0004-79,PARANAPANEMA SA,"R$ 10,11"
PNVL3,92.665.611/0001-77,DIMED SA DISTRIBUIDORA DE MEDICAMENTOS,"R$ 13,32"
POMO3,88.611.835/0001-29,MARCOPOLO SA,"R$ 2,50"
POMO4,88.611.835/0001-29,MARCOPOLO SA,"R$ 3,05"
PORT3,05.721.735/0001-28,WILSON SONS LIMITED,"R$ 9,28"
POSI3,81.243.735/0001-48,POSITIVO TECNOLOGIA S.A.,"R$ 10,90"
POWE3,26.735.020/0001-02,FOCUS ENERGIA HOLDING PARTICIPAÇÕES S.A.,#N/A
PPAR3,59.789.545/0001-71,POLPAR S.A.,#N/A
PPLA11,15.073.274/0001-88,BTG PACTUAL PARTICIPATIONS LTD.,"R$ 5,99"
PRIO3,10.629.105/0001-68,PETRO RIO S.A.,"R$ 20,67"
PRMN3B,02.291.077/0001-93,PRODUTORES ENERGETICOS DE MANSO SA,#N/A
PRNR3,18.593.815/0001-97,PRINER SERVIÇOS INDUSTRIAIS S.A.,"R$ 7,03"
PSSA3,02.149.205/0001-69,PORTO SEGURO SA,"R$ 20,92"
PSVM11,18.494.485/0001-82,PORTO SUDESTE V.M. S/A,#N/A
PTBL3,83.475.913/0001-91,PBG S/A,"R$ 9,64"
PTCA11,08.574.411/0001-00,PRATICA KLIMAQUIP INDUSTRIA E COMERCIO S.A.,#N/A
PTCA3,08.574.411/0001-00,PRATICA KLIMAQUIP INDUSTRIA E COMERCIO S.A.,#N/A
PTNT3,88.613.658/0001-10,PETTENATI SA IND TEXTIL,"R$ 15,10"
PTNT4,88.613.658/0001-10,PETTENATI SA IND TEXTIL,"R$ 6,27"
QUAL3,11.992.680/0001-93,QUALICORP S.A.,"R$ 16,90"
QUSW3,35.791.391/0001-94,QUALITY SOFTWARE S/A,#N/A
QVQP3B,01.851.771/0001-55,524 PARTICIPAÇOES SA,#N/A
RADL3,61.585.865/0001-51,RAIA DROGASIL S.A.,"R$ 24,30"
RAIL3,02.387.241/0001-60,RUMO S.A.,"R$ 17,76"
RAIZ4,33.453.598/0001-23,RAÍZEN COMBUSTÍVEIS S.A,"R$ 6,45"
RANI3,92.791.243/0001-03,CELULOSE IRANI SA,"R$ 6,90"
RAPT3,89.086.144/0001-16,RANDON S.A. IMPLEMENTOS E PARTICIPAÇÕES,"R$ 12,54"
RAPT4,89.086.144/0001-16,RANDON S.A. IMPLEMENTOS E PARTICIPAÇÕES,"R$ 10,87"
RCSL3,91.333.666/0001-17,RECRUSUL SA,"R$ 5,69"
RCSL4,91.333.666/0001-17,RECRUSUL SA,"R$ 1,42"
RDNI3,67.010.660/0001-24,RNI NEGOCIOS IMOBILIARIOS S.A.,"R$ 10,20"
RDOR3,06.047.087/0001-39,REDE D OR SÃO LUIZ S.A.,"R$ 44,83"
RECV3,03.342.704/0001-30,PETRORECONCAVO S.A.,"R$ 18,30"
REDE3,61.584.140/0001-49,REDE ENERGIA S.A.,#N/A
RENT3,16.670.085/0001-55,LOCALIZA RENT A CAR SA,"R$ 53,00"
RNEW11,08.534.605/0001-74,RENOVA ENERGIA S/A,"R$ 7,10"
RNEW3,08.534.605/0001-74,RENOVA ENERGIA S/A,"R$ 2,47"
RNEW4,08.534.605/0001-74,RENOVA ENERGIA S/A,"R$ 2,29"
ROMI3,56.720.428/0001-63,INDÚSTRIAS ROMI S.A.,"R$ 18,41"
RPAD3,17.167.396/0001-69,ALFA HOLDINGS SA,"R$ 6,19"
RPAD5,17.167.396/0001-69,ALFA HOLDINGS SA,"R$ 7,76"
RPAD6,17.167.396/0001-69,ALFA HOLDINGS SA,"R$ 4,57"
RPMG3,33.412.081/0001-96,REFINARIA PET MANGUINHOS SA,"R$ 2,80"
RRRP3,12.091.809/0001-55,3R PETROLEUM OLEO E GAS S.A.,"R$ 33,55"
RSID3,61.065.751/0001-80,ROSSI RESIDENCIAL SA,"R$ 10,64"
RSUL3,85.778.074/0001-06,METALURGICA RIOSULENSE SA,#N/A
RSUL4,85.778.074/0001-06,METALURGICA RIOSULENSE SA,"R$ 76,91"
SANB11,90.400.888/0001-42,BANCO SANTANDER (BRASIL) S.A.,"R$ 29,98"
SANB3,90.400.888/0001-42,BANCO SANTANDER (BRASIL) S.A.,"R$ 14,21"
SANB4,90.400.888/0001-42,BANCO SANTANDER (BRASIL) S.A.,"R$ 15,95"
SAPR11,76.484.013/0001-45,CIA. DE SANEAMENTO DO PARANÁ – SANEPAR,"R$ 19,17"
SAPR3,76.484.013/0001-45,CIA. DE SANEAMENTO DO PARANÁ – SANEPAR,"R$ 3,80"
SAPR4,76.484.013/0001-45,CIA. DE SANEAMENTO DO PARANÁ – SANEPAR,"R$ 3,87"
SBFG3,13.217.485/0001-11,GRUPO SBF S.A.,"R$ 22,51"
SBSP3,43.776.517/0001-80,CIA SANEAMENTO BÁSICO ESTADO SÃO PAULO,"R$ 40,18"
SCAR3,29.780.061/0001-09,SÃO CARLOS EMPREENDS E PARTICIPAÇÕES S.A,"R$ 41,22"
SEER3,04.986.320/0001-13,SER EDUCACIONAL S.A.,"R$ 10,49"
SEQL3,01.599.101/0001-93,SEQUOIA LOGÍSTICA E TRANSPORTES S.A.,"R$ 14,14"
SGPS3,07.718.269/0001-57,SPRINGS GLOBAL PARTICIPAÇÕES S/A,"R$ 4,91"
SHOW3,02.860.694/0001-62,T4F ENTRETENIMENTO S.A.,"R$ 3,73"
SHUL3,84.693.183/0001-68,SCHULZ SA,#N/A
SHUL4,84.693.183/0001-68,SCHULZ SA,"R$ 4,21"
SIMH3,07.415.333/0001-20,SIMPAR S.A.,"R$ 11,68"
SLCE3,89.096.457/0001-55,SLC AGRICOLA SA,"R$ 40,94"
SLED3,60.500.139/0001-26,SARAIVA SA LIVREIROS EDITORES,"R$ 13,66"
SLED4,60.500.139/0001-26,SARAIVA SA LIVREIROS EDITORES,"R$ 6,21"
SMFT3,07.594.978/0001-78,SMARTFIT ESCOLA DE GINÁSTICA E DANÇA S.A.,"R$ 16,00"
SMTO3,51.466.860/0001-56,SÃO MARTINHO SA,"R$ 34,44"
SNSY3,14.807.945/0001-24,SANSUY SA INDÚSTRIA DE PLASTICOS,#N/A
SNSY5,14.807.945/0001-24,SANSUY SA INDÚSTRIA DE PLASTICOS,"R$ 5,23"
SNSY6,14.807.945/0001-24,SANSUY SA INDÚSTRIA DE PLASTICOS,#N/A
SOJA3,10.807.374/0001-77,BOA SAFRA SEMENTES S.A.,"R$ 15,86"
SOMA3,10.285.590/0001-08,GRUPO DE MODA SOMA S.A.,"R$ 12,73"
SOND3,33.386.210/0001-19,SONDOTECNICA ENGENHARIA DE SOLOS S/A.,#N/A
SOND5,33.386.210/0001-19,SONDOTECNICA ENGENHARIA DE SOLOS S/A.,#N/A
SOND6,33.386.210/0001-19,SONDOTECNICA ENGENHARIA DE SOLOS S/A.,#N/A
SQIA3,04.065.791/0001-99,SINQUIA S.A.,"R$ 16,53"
STBP3,02.762.121/0001-04,SANTOS BRASIL PARTICIPAÇÕES S.A.,"R$ 6,43"
STKF3,00.622.416/0001-41,STATKRAFT ENERGIAS RENOVAVEIS S.A.,#N/A
STTR3,91.495.499/0001-00,STARA S.A. – INDÚSTRIA DE IMPLEMENTOS AGRÍCOLAS,#N/A
SULA11,29.978.814/0001-87,SUL AMERICA S/A,"R$ 27,49"
SULA3,29.978.814/0001-87,SUL AMERICA S/A,"R$ 9,45"
SULA4,29.978.814/0001-87,SUL AMERICA S/A,"R$ 9,04"
SUZB3,16.404.287/0001-55,SUZANO PAPEL E CELULOSE S.A.,"R$ 60,11"
SYNE3,08.801.621/0001-86,CYRELA COMMERCIAL PROPERTIES SA EMP PART,"R$ 7,20"
TAEE11,07.859.971/0001-30,TRANSMISSORA ALIANÇA DE ENERGIA ELÉTRICA S.A.,"R$ 36,37"
TAEE3,07.859.971/0001-30,TRANSMISSORA ALIANÇA DE ENERGIA ELÉTRICA S.A.,"R$ 12,12"
TAEE4,07.859.971/0001-30,TRANSMISSORA ALIANÇA DE ENERGIA ELÉTRICA S.A.,"R$ 12,18"
TASA3,92.781.335/0001-02,TAURUS S.A.,"R$ 24,51"
TASA4,92.781.335/0001-02,TAURUS S.A.,"R$ 24,66"
TCNO3,33.111.246/0001-90,TECNOSOLO S/A,"R$ 1,88"
TCNO4,33.111.246/0001-90,TECNOSOLO S/A,"R$ 1,53"
TCSA3,08.065.557/0001-12,TECNISA S/A,"R$ 3,61"
TECN3,09.295.063/0001-97,TECHNOS S.A.,"R$ 2,32"
TEKA3,82.636.986/0001-55,TEKA TECELAGEM KUEHNRICH SA,#N/A
TEKA4,82.636.986/0001-55,TEKA TECELAGEM KUEHNRICH SA,"R$ 9,89"
TELB3,00.336.701/0001-04,TELEC. BRASILEIRAS S.A. – TELEBRÁS,"R$ 44,30"
TELB4,00.336.701/0001-04,TELEC. BRASILEIRAS S.A. – TELEBRÁS,"R$ 14,50"
TEND3,71.476.527/0001-35,CONSTRUTORA TENDA S/A,"R$ 16,71"
TFCO4,59.418.806/0001-47,TRACK & FIELD CO S.A.,"R$ 12,96"
TGMA3,02.351.144/0001-18,TEGMA GESTÃO LOGÍSTICA SA,"R$ 15,63"
TIMS3,02.421.421/0001-11,TIM S.A.,"R$ 13,15"
TKNO3,33.467.572/0001-34,TEKNO S.A. INDÚSTRIA E COMÉRCIO,#N/A
TKNO4,33.467.572/0001-34,TEKNO S.A. INDÚSTRIA E COMÉRCIO,#N/A
TOTS3,53.113.791/0001-22,TOTVS S.A,"R$ 28,64"
TPIS3,03.014.553/0001-91,TPI – TRIUNFO PARTICIPACOES E INVESTIMENTOS S.A.,"R$ 2,11"
TRAD3,26.345.998/0001-50,TC TRADERS CLUB S.A.,"R$ 5,98"
TRIS3,08.811.643/0001-27,TRISUL S/A,"R$ 5,95"
TRPL3,02.998.611/0001-04,CTEEP-CIA TRANSM ENERGIA ELÉTR. PAULISTA,"R$ 30,60"
TRPL4,02.998.611/0001-04,CTEEP-CIA TRANSM ENERGIA ELÉTR. PAULISTA,"R$ 24,31"
TTEN3,94.813.102/0001-70,TRES TENTOS AGROINDUSTRIAL S.A.,"R$ 9,73"
TUPY3,84.683.374/0001-49,TUPY SA,"R$ 19,95"
TXRX3,82.982.075/0001-80,TÊXTIL RENAUXVIEW S/A,#N/A
TXRX4,82.982.075/0001-80,TÊXTIL RENAUXVIEW S/A,#N/A
UCAS3,90.441.460/0001-48,UNICASA INDÚSTRIA DE MÓVEIS S.A.,"R$ 4,21"
UGPA3,33.256.439/0001-39,ULTRAPAR PARTICIPAÇÕES SA,"R$ 14,54"
UNIP3,33.958.695/0001-78,UNIPAR CARBOCLORO S.A.,"R$ 93,82"
UNIP5,33.958.695/0001-78,UNIPAR CARBOCLORO S.A.,"R$ 93,55"
UNIP6,33.958.695/0001-78,UNIPAR CARBOCLORO S.A.,"R$ 93,85"
UPKP3B,02.162.616/0001-94,UPTICK PARTICIPACOES SA,#N/A
USIM3,60.894.730/0001-05,USINAS SIDERURGICAS DE MINAS GERAIS SA,"R$ 14,51"
USIM5,60.894.730/0001-05,USINAS SIDERURGICAS DE MINAS GERAIS SA,"R$ 15,16"
USIM6,60.894.730/0001-05,USINAS SIDERURGICAS DE MINAS GERAIS SA,#N/A
VALE3,33.592.510/0001-54,VALE S.A.,"R$ 77,96"
VAMO3,23.373.000/0001-32,"VAMOS LOCACAO DE CAMINHOES, MAQUINAS E EQUIPAMENTOS S.A.","R$ 11,98"
VBBR3,34.274.233/0001-02,VIBRA ENERGIA S.A,#N/A
VIIA3,33.041.260/0652-90,VIA VAREJO S.A.,"R$ 5,25"
VITT3,45.365.558/0001-09,VITTIA FERTILIZANTES E BIOLOGICOS S.A.,"R$ 14,42"
VIVA3,33.839.910/0001-11,VIVARA PARTICIPACOES S.A.,"R$ 25,44"
VIVR3,67.571.414/0001-41,VIVER INCORPORADORA E CONSTRUTORA S/A,"R$ 1,25"
VIVT3,02.558.157/0001-62,TELEFÔNICA BRASIL S.A.,"R$ 48,19"
VLID3,33.113.309/0001-47,VALID SOLUÇÕES E SERVIÇOS DE SEGURANÇA EM MEIOS DE PAGAMENTO E IDENTIFICAÇÃO S.A.,"R$ 8,60"
VSPT3,00.924.429/0001-75,FERROVIA CENTRO ATLANTICA SA,#N/A
VSPT4,00.924.429/0001-75,FERROVIA CENTRO ATLANTICA SA,#N/A
VULC3,50.926.955/0001-42,VULCABRAS AZALEIA S.A.,"R$ 9,14"
VVEO3,12.420.164/0001-57,CM HOSPITALAR S.A.,"R$ 18,87"
WEGE3,84.429.695/0001-11,WEG SA,"R$ 32,98"
WEST3,14.776.142/0001-50,WESTWING COMÉRCIO VAREJISTA S.A.,"R$ 3,50"
WHRL3,59.105.999/0001-86,WHIRLPOOL S.A,"R$ 6,71"
WHRL4,59.105.999/0001-86,WHIRLPOOL S.A,"R$ 8,00"
WIZS3,42.278.473/0001-03,WIZ SOLUÇÕES E CORRETAGEM DE SEGUROS S.A.,"R$ 7,96"
WLMM3,33.228.024/0001-51,WLM INDÚSTRIA E COMÉRCIO S.A.,#N/A
WLMM4,33.228.024/0001-51,WLM INDÚSTRIA E COMÉRCIO S.A.,"R$ 39,84"
YDUQ3,08.807.432/0001-10,ESTACIO PARTICIPAÇÕES SA,"R$ 20,56"
YDUQ3,08.807.432/0001-10,ESTACIO PARTICIPAÇÕES SA,"R$ 20,56"
WLMM4,33.228.024/0001-51,WLM INDÚSTRIA E COMÉRCIO S.A.,"R$ 39,84"
YDUQ3,08.807.432/0001-10,ESTACIO PARTICIPAÇÕES SA,"R$ 20,56"
WLMM4,33.228.024/0001-51,WLM INDÚSTRIA E COMÉRCIO S.A.,"R$ 39,84"
YDUQ3,08.807.432/0001-10,ESTACIO PARTICIPAÇÕES SA,"R$ 20,56"
